method;route;file;line;declaration
"GET";"/mappings";"server/routes/accounting.js";"17";"router.get('/mappings', MANAGER, (req, res) => {"
"PUT";"/mappings";"server/routes/accounting.js";"31";"router.put('/mappings', MANAGER, validate(mappingSchema), (req, res) => {"
"GET";"/export";"server/routes/accounting.js";"47";"router.get('/export', MANAGER, validateQuery(z.object({"
"GET";"/users";"server/routes/admin.js";"21";"router.get('/users', ADMIN, (req, res) => {"
"POST";"/users";"server/routes/admin.js";"50";"router.post('/users', ADMIN, validate(userCreateSchema), (req, res) => {"
"PUT";"/users/:id";"server/routes/admin.js";"63";"router.put('/users/:id', ADMIN, (req, res) => {"
"POST";"/users/:id/unlock";"server/routes/admin.js";"101";"router.post('/users/:id/unlock', ADMIN, (req, res) => {"
"DELETE";"/users/:id";"server/routes/admin.js";"108";"router.delete('/users/:id', ADMIN, (req, res) => {"
"POST";"/users/:id/anonymize";"server/routes/admin.js";"125";"router.post('/users/:id/anonymize', ADMIN, (req, res) => {"
"GET";"/users/:id/data-export";"server/routes/admin.js";"130";"router.get('/users/:id/data-export', ADMIN, (req, res) => {"
"POST";"/data-retention/run";"server/routes/admin.js";"135";"router.post('/data-retention/run', ADMIN, (req, res) => {"
"GET";"/warehouses";"server/routes/admin.js";"143";"router.get('/warehouses', (req, res) => {"
"POST";"/warehouses";"server/routes/admin.js";"147";"router.post('/warehouses', MANAGER, validate(z.object({"
"PUT";"/warehouses/:id";"server/routes/admin.js";"162";"router.put('/warehouses/:id', MANAGER, (req, res) => {"
"GET";"/settings";"server/routes/admin.js";"179";"router.get('/settings', (req, res) => {"
"PUT";"/settings";"server/routes/admin.js";"199";"router.put('/settings', MANAGER, (req, res) => {"
"GET";"/exchange-rates";"server/routes/admin.js";"216";"router.get('/exchange-rates', (req, res) => {"
"GET";"/exchange-rates/current";"server/routes/admin.js";"225";"router.get('/exchange-rates/current', (req, res) => {"
"POST";"/exchange-rates";"server/routes/admin.js";"234";"router.post('/exchange-rates', MANAGER, validate(z.object({"
"GET";"/approval-rules";"server/routes/admin.js";"256";"router.get('/approval-rules', (req, res) => {"
"POST";"/approval-rules";"server/routes/admin.js";"260";"router.post('/approval-rules', ADMIN, validate(z.object({"
"DELETE";"/approval-rules/:id";"server/routes/admin.js";"272";"router.delete('/approval-rules/:id', ADMIN, (req, res) => {"
"GET";"/notification-rules";"server/routes/admin.js";"280";"router.get('/notification-rules', (req, res) => {"
"POST";"/notification-rules";"server/routes/admin.js";"284";"router.post('/notification-rules', MANAGER, validate(z.object({"
"DELETE";"/notification-rules/:id";"server/routes/admin.js";"297";"router.delete('/notification-rules/:id', MANAGER, (req, res) => {"
"GET";"/audit";"server/routes/admin.js";"304";"router.get('/audit', (req, res) => {"
"POST";"/login";"server/routes/auth.js";"19";"router.post('/login', validate(loginSchema), (req, res) => {"
"POST";"/logout";"server/routes/auth.js";"59";"router.post('/logout', requireAuth, (req, res) => {"
"GET";"/me";"server/routes/auth.js";"65";"router.get('/me', requireAuth, (req, res) => {"
"POST";"/change-password";"server/routes/auth.js";"83";"router.post('/change-password', requireAuth, validate(changePwSchema), (req, res) => {"
"GET";"/sessions";"server/routes/auth.js";"97";"router.get('/sessions', requireAuth, (req, res) => {"
"GET";"/opportunities";"server/routes/crm.js";"45";"router.get('/opportunities', (req, res) => {"
"GET";"/opportunities/pipeline";"server/routes/crm.js";"59";"router.get('/opportunities/pipeline', (req, res) => {"
"GET";"/opportunities/:id";"server/routes/crm.js";"71";"router.get('/opportunities/:id', (req, res) => {"
"POST";"/opportunities";"server/routes/crm.js";"96";"router.post('/opportunities', WRITE, validate(oppSchema), (req, res) => {"
"PUT";"/opportunities/:id";"server/routes/crm.js";"124";"router.put('/opportunities/:id', WRITE, validate(oppUpdateSchema), (req, res) => {"
"POST";"/opportunities/:id/stage";"server/routes/crm.js";"148";"router.post('/opportunities/:id/stage', WRITE, validate(stageSchema), (req, res) => {"
"POST";"/opportunities/:id/convert";"server/routes/crm.js";"171";"router.post('/opportunities/:id/convert', WRITE, validate(convertSchema), (req, res) => {"
"GET";"/report";"server/routes/data-health.js";"17";"router.get('/report', (req, res) => {"
"GET";"/check/:id";"server/routes/data-health.js";"21";"router.get('/check/:id', (req, res) => {"
"POST";"/check/:id/fix";"server/routes/data-health.js";"28";"router.post('/check/:id/fix', MANAGER, (req, res) => {"
"GET";"/merge/:type/preview";"server/routes/data-health.js";"107";"router.get('/merge/:type/preview', MANAGER, (req, res) => {"
"POST";"/merge/:type";"server/routes/data-health.js";"129";"router.post('/merge/:type', MANAGER, validate(z.object({"
"POST";"/bulk-update/items";"server/routes/data-health.js";"197";"router.post('/bulk-update/items', MANAGER, validate(z.object({"
"GET";"/system";"server/routes/data-health.js";"241";"router.get('/system', MANAGER, (req, res) => {"
"GET";"/openapi.json";"server/routes/docs.js";"12";"router.get('/openapi.json', (req, res) => {"
"GET";"/";"server/routes/documents.js";"65";"router.get('/', (req, res) => {"
"POST";"/";"server/routes/documents.js";"90";"router.post('/', WRITE, upload.single('file'), (req, res) => {"
"GET";"/:id/download";"server/routes/documents.js";"124";"router.get('/:id/download', (req, res) => {"
"POST";"/:id/revise";"server/routes/documents.js";"139";"router.post('/:id/revise', MANAGER, upload.single('file'), (req, res) => {"
"DELETE";"/:id";"server/routes/documents.js";"164";"router.delete('/:id', MANAGER, (req, res) => {"
"GET";"/types";"server/routes/import.js";"34";"router.get('/types', (req, res) => {"
"GET";"/template/:type";"server/routes/import.js";"49";"router.get('/template/:type', MANAGER, async (req, res, next) => {"
"POST";"/preview";"server/routes/import.js";"63";"router.post('/preview', MANAGER, upload.single('file'), async (req, res, next) => {"
"GET";"/batches/:id/rows";"server/routes/import.js";"84";"router.get('/batches/:id/rows', (req, res) => {"
"POST";"/batches/:id/commit";"server/routes/import.js";"104";"router.post('/batches/:id/commit', MANAGER, (req, res) => {"
"POST";"/batches/:id/revert";"server/routes/import.js";"113";"router.post('/batches/:id/revert', MANAGER, (req, res) => {"
"DELETE";"/batches/:id";"server/routes/import.js";"124";"router.delete('/batches/:id', MANAGER, (req, res) => {"
"GET";"/batches";"server/routes/import.js";"136";"router.get('/batches', (req, res) => {"
"GET";"/batches/:id";"server/routes/import.js";"159";"router.get('/batches/:id', (req, res) => {"
"GET";"/";"server/routes/items.js";"64";"router.get('/', validateQuery(listQuery), (req, res) => {"
"GET";"/:id";"server/routes/items.js";"101";"router.get('/:id', (req, res, next) => {"
"GET";"/barcode/:code";"server/routes/items.js";"113";"router.get('/barcode/:code', (req, res, next) => {"
"POST";"/";"server/routes/items.js";"188";"router.post('/', requirePermission('stock.write'), validate(itemSchema), (req, res, next) => {"
"PUT";"/:id";"server/routes/items.js";"231";"router.put('/:id', requirePermission('stock.write'), validate(itemSchema.partial()), (req, res, next) => {"
"DELETE";"/:id";"server/routes/items.js";"279";"router.delete('/:id', requirePermission('stock.delete'), (req, res, next) => {"
"GET";"/item/:id/zpl";"server/routes/labels.js";"51";"router.get('/item/:id/zpl', (req, res) => {"
"GET";"/lot/:id/zpl";"server/routes/labels.js";"58";"router.get('/lot/:id/zpl', (req, res) => {"
"POST";"/print";"server/routes/labels.js";"96";"router.post('/print', WRITE, validate(printSchema), async (req, res, next) => {"
"GET";"/resolve";"server/routes/mobile.js";"28";"router.get('/resolve', (req, res) => {"
"GET";"/tasks";"server/routes/mobile.js";"154";"router.get('/tasks', (req, res) => {"
"GET";"/pick-list/:soId";"server/routes/mobile.js";"202";"router.get('/pick-list/:soId', (req, res) => {"
"GET";"/issue-list/:orderId";"server/routes/mobile.js";"251";"router.get('/issue-list/:orderId', (req, res) => {"
"POST";"/sync";"server/routes/mobile.js";"290";"router.post('/sync', requireRole('admin', 'manager', 'operator', 'quality'), async (req, res) => {"
"GET";"/";"server/routes/notifications.js";"11";"router.get('/', (req, res) => {"
"POST";"/:id/read";"server/routes/notifications.js";"27";"router.post('/:id/read', (req, res) => {"
"POST";"/read-all";"server/routes/notifications.js";"32";"router.post('/read-all', (req, res) => {"
"POST";"/scan";"server/routes/notifications.js";"38";"router.post('/scan', requireRole('admin', 'manager'), (req, res) => {"
"GET";"/mail-status";"server/routes/notifications.js";"45";"router.get('/mail-status', requireRole('admin', 'manager'), (req, res) => {"
"POST";"/test-mail";"server/routes/notifications.js";"58";"router.post('/test-mail', requireRole('admin'), async (req, res, next) => {"
"GET";"/work-centers";"server/routes/planning.js";"20";"router.get('/work-centers', (req, res) => {"
"POST";"/work-centers";"server/routes/planning.js";"48";"router.post('/work-centers', MANAGER, validate(wcSchema), (req, res) => {"
"PUT";"/work-centers/:id";"server/routes/planning.js";"67";"router.put('/work-centers/:id', MANAGER, validate(wcSchema.partial()), (req, res) => {"
"DELETE";"/work-centers/:id";"server/routes/planning.js";"90";"router.delete('/work-centers/:id', MANAGER, (req, res) => {"
"GET";"/shifts";"server/routes/planning.js";"101";"router.get('/shifts', (req, res) => {"
"POST";"/shifts";"server/routes/planning.js";"110";"router.post('/shifts', MANAGER, validate(z.object({"
"GET";"/calendar-exceptions";"server/routes/planning.js";"125";"router.get('/calendar-exceptions', (req, res) => {"
"POST";"/calendar-exceptions";"server/routes/planning.js";"130";"router.post('/calendar-exceptions', MANAGER, validate(z.object({"
"DELETE";"/calendar-exceptions/:id";"server/routes/planning.js";"144";"router.delete('/calendar-exceptions/:id', MANAGER, (req, res) => {"
"GET";"/routings/:itemId";"server/routes/planning.js";"151";"router.get('/routings/:itemId', (req, res) => {"
"PUT";"/routings/:itemId";"server/routes/planning.js";"164";"router.put('/routings/:itemId', MANAGER, validate(z.object({"
"GET";"/capacity";"server/routes/planning.js";"197";"router.get('/capacity', (req, res) => {"
"POST";"/schedule/:orderId";"server/routes/planning.js";"206";"router.post('/schedule/:orderId', WRITE, validate(z.object({ startFrom: z.string().max(1000).optional() })), (req, res) => {"
"GET";"/operations";"server/routes/planning.js";"213";"router.get('/operations', (req, res) => {"
"POST";"/operations/:id/:action";"server/routes/planning.js";"238";"router.post('/operations/:id/:action', WRITE, (req, res) => {"
"GET";"/shift-logs";"server/routes/planning.js";"266";"router.get('/shift-logs', (req, res) => {"
"POST";"/shift-logs";"server/routes/planning.js";"288";"router.post('/shift-logs', WRITE, validate(z.object({"
"GET";"/oee";"server/routes/planning.js";"323";"router.get('/oee', (req, res) => {"
"GET";"/mrp/runs";"server/routes/planning.js";"331";"router.get('/mrp/runs', (req, res) => {"
"POST";"/mrp/run";"server/routes/planning.js";"341";"router.post('/mrp/run', MANAGER, validate(z.object({"
"GET";"/mrp/suggestions";"server/routes/planning.js";"353";"router.get('/mrp/suggestions', (req, res) => {"
"POST";"/mrp/suggestions/:id/convert";"server/routes/planning.js";"384";"router.post('/mrp/suggestions/:id/convert', MANAGER, (req, res) => {"
"POST";"/mrp/suggestions/:id/dismiss";"server/routes/planning.js";"393";"router.post('/mrp/suggestions/:id/dismiss', MANAGER, (req, res) => {"
"GET";"/";"server/routes/production.js";"33";"router.get('/', validateQuery(pageQuery.extend({ status: z.string().max(1000).optional() })), (req, res) => {"
"GET";"/requirements-preview";"server/routes/production.js";"54";"router.get('/requirements-preview', validateQuery(z.object({"
"GET";"/:id";"server/routes/production.js";"75";"router.get('/:id', (req, res, next) => {"
"GET";"/:id/requirements";"server/routes/production.js";"84";"router.get('/:id/requirements', (req, res, next) => {"
"POST";"/";"server/routes/production.js";"127";"router.post('/', requirePermission('production.write'), validate(createSchema), (req, res, next) => {"
"POST";"/:id/complete";"server/routes/production.js";"177";"router.post('/:id/complete', requirePermission('production.write'), validate(completeSchema), (req, res, next) => {"
"DELETE";"/:id";"server/routes/production.js";"258";"router.delete('/:id', requirePermission('stock.delete'), (req, res, next) => {"
"GET";"/suppliers";"server/routes/purchasing.js";"36";"router.get('/suppliers', validateQuery(pageQuery), (req, res) => {"
"GET";"/suppliers/:id";"server/routes/purchasing.js";"59";"router.get('/suppliers/:id', (req, res, next) => {"
"POST";"/suppliers";"server/routes/purchasing.js";"97";"router.post('/suppliers', requirePermission('purchase.write'), validate(supplierSchema), (req, res, next) => {"
"PUT";"/suppliers/:id";"server/routes/purchasing.js";"111";"router.put('/suppliers/:id', requirePermission('purchase.write'), validate(supplierSchema.partial()), (req, res, next) => {"
"DELETE";"/suppliers/:id";"server/routes/purchasing.js";"134";"router.delete('/suppliers/:id', requirePermission('stock.delete'), (req, res, next) => {"
"POST";"/suppliers/:id/anonymize";"server/routes/purchasing.js";"145";"router.post('/suppliers/:id/anonymize', requireRole('admin'), (req, res, next) => {"
"GET";"/suppliers/:id/data-export";"server/routes/purchasing.js";"150";"router.get('/suppliers/:id/data-export', requireRole('admin'), (req, res, next) => {"
"GET";"/requests";"server/routes/purchasing.js";"168";"router.get('/requests', (req, res) => {"
"POST";"/requests";"server/routes/purchasing.js";"178";"router.post('/requests', requirePermission('purchase.write'), validate(prSchema), (req, res, next) => {"
"POST";"/requests/:id/approve";"server/routes/purchasing.js";"198";"router.post('/requests/:id/approve', requirePermission('purchase.approve'), (req, res, next) => {"
"POST";"/requests/:id/reject";"server/routes/purchasing.js";"210";"router.post('/requests/:id/reject', requirePermission('purchase.approve'), (req, res, next) => {"
"GET";"/rfqs";"server/routes/purchasing.js";"230";"router.get('/rfqs', (req, res) => {"
"POST";"/rfqs";"server/routes/purchasing.js";"245";"router.post('/rfqs', requirePermission('purchase.write'), validate(rfqSchema), (req, res, next) => {"
"POST";"/rfqs/:id/quotes";"server/routes/purchasing.js";"275";"router.post('/rfqs/:id/quotes', requirePermission('purchase.write'), validate(quoteSchema), (req, res, next) => {"
"GET";"/rfqs/:id/compare";"server/routes/purchasing.js";"292";"router.get('/rfqs/:id/compare', (req, res, next) => {"
"GET";"/orders";"server/routes/purchasing.js";"345";"router.get('/orders', validateQuery(pageQuery.extend({ status: z.string().max(1000).optional(), supplierId: z.coerce.number().optional() })), (req, res) => {"
"GET";"/orders/:id";"server/routes/purchasing.js";"358";"router.get('/orders/:id', (req, res, next) => {"
"POST";"/orders";"server/routes/purchasing.js";"385";"router.post('/orders', requirePermission('purchase.write'), validate(poSchema), (req, res, next) => {"
"POST";"/orders/:id/approve";"server/routes/purchasing.js";"440";"router.post('/orders/:id/approve', requirePermission('purchase.approve'), (req, res, next) => {"
"POST";"/orders/:id/reject";"server/routes/purchasing.js";"461";"router.post('/orders/:id/reject', requirePermission('purchase.approve'), (req, res, next) => {"
"POST";"/orders/:id/receipts";"server/routes/purchasing.js";"490";"router.post('/orders/:id/receipts', requirePermission('purchase.write'), validate(receiptSchema), (req, res, next) => {"
"GET";"/receipts/:id";"server/routes/purchasing.js";"554";"router.get('/receipts/:id', (req, res, next) => {"
"POST";"/receipts/:id/landed-costs";"server/routes/purchasing.js";"584";"router.post('/receipts/:id/landed-costs', requirePermission('purchase.write'), validate(landedSchema), (req, res, next) => {"
"POST";"/invoices";"server/routes/purchasing.js";"615";"router.post('/invoices', requirePermission('purchase.write'), validate(invoiceSchema), (req, res, next) => {"
"GET";"/invoices";"server/routes/purchasing.js";"649";"router.get('/invoices', (req, res) => {"
"POST";"/returns";"server/routes/purchasing.js";"668";"router.post('/returns', requirePermission('purchase.write'), validate(returnSchema), (req, res, next) => {"
"GET";"/plans";"server/routes/quality.js";"28";"router.get('/plans', (req, res) => {"
"POST";"/plans";"server/routes/quality.js";"37";"router.post('/plans', requirePermission('quality.write'), validate(planSchema), (req, res, next) => {"
"DELETE";"/plans/:id";"server/routes/quality.js";"48";"router.delete('/plans/:id', requirePermission('quality.write'), (req, res) => {"
"GET";"/inspections";"server/routes/quality.js";"72";"router.get('/inspections', validateQuery(pageQuery.extend({ result: z.string().max(1000).optional(), type: z.string().max(1000).optional() })), (req, res) => {"
"GET";"/inspections/:id";"server/routes/quality.js";"85";"router.get('/inspections/:id', (req, res, next) => {"
"POST";"/inspections";"server/routes/quality.js";"105";"router.post('/inspections', requirePermission('quality.write'), validate(inspectionSchema), (req, res, next) => {"
"POST";"/inspections/:id/result";"server/routes/quality.js";"161";"router.post('/inspections/:id/result', requirePermission('quality.write'), validate(resultSchema), (req, res, next) => {"
"GET";"/ncrs";"server/routes/quality.js";"244";"router.get('/ncrs', validateQuery(pageQuery.extend({ status: z.string().max(1000).optional(), supplierId: z.coerce.number().optional() })), (req, res) => {"
"POST";"/ncrs";"server/routes/quality.js";"268";"router.post('/ncrs', requirePermission('quality.write'), validate(ncrSchema), (req, res, next) => {"
"POST";"/ncrs/:id/disposition";"server/routes/quality.js";"297";"router.post('/ncrs/:id/disposition', requirePermission('quality.write'), validate(dispositionSchema), (req, res, next) => {"
"POST";"/ncrs/:id/close";"server/routes/quality.js";"327";"router.post('/ncrs/:id/close', requirePermission('quality.write'), (req, res, next) => {"
"GET";"/capas";"server/routes/quality.js";"347";"router.get('/capas', (req, res) => {"
"POST";"/capas";"server/routes/quality.js";"358";"router.post('/capas', requirePermission('quality.write'), validate(capaSchema), (req, res, next) => {"
"POST";"/capas/:id/close";"server/routes/quality.js";"374";"router.post('/capas/:id/close', requirePermission('quality.write'), (req, res, next) => {"
"GET";"/equipment";"server/routes/quality.js";"396";"router.get('/equipment', (req, res) => {"
"POST";"/equipment";"server/routes/quality.js";"409";"router.post('/equipment', requirePermission('quality.write'), validate(equipSchema), (req, res, next) => {"
"POST";"/equipment/:id/calibrations";"server/routes/quality.js";"434";"router.post('/equipment/:id/calibrations', requirePermission('quality.write'), validate(calSchema), (req, res, next) => {"
"GET";"/trace/backward/:lotId";"server/routes/quality.js";"459";"router.get('/trace/backward/:lotId', (req, res, next) => {"
"GET";"/trace/forward/:lotId";"server/routes/quality.js";"467";"router.get('/trace/forward/:lotId', (req, res, next) => {"
"GET";"/recall/:lotId";"server/routes/quality.js";"475";"router.get('/recall/:lotId', (req, res, next) => {"
"GET";"/summary";"server/routes/reports.js";"24";"router.get('/summary', (req, res) => {"
"GET";"/trends";"server/routes/reports.js";"99";"router.get('/trends', (req, res) => {"
"GET";"/dead-stock";"server/routes/reports.js";"138";"router.get('/dead-stock', (req, res) => {"
"GET";"/turnover";"server/routes/reports.js";"178";"router.get('/turnover', (req, res) => {"
"GET";"/abc";"server/routes/reports.js";"204";"router.get('/abc', (req, res) => {"
"GET";"/reorder-suggestions";"server/routes/reports.js";"233";"router.get('/reorder-suggestions', (req, res) => {"
"GET";"/supplier-performance";"server/routes/reports.js";"267";"router.get('/supplier-performance', (req, res) => {"
"GET";"/price-history/:itemId";"server/routes/reports.js";"315";"router.get('/price-history/:itemId', (req, res) => {"
"GET";"/quality-kpis";"server/routes/reports.js";"327";"router.get('/quality-kpis', (req, res) => {"
"GET";"/production-costs";"server/routes/reports.js";"360";"router.get('/production-costs', (req, res) => {"
"GET";"/valuation";"server/routes/reports.js";"373";"router.get('/valuation', (req, res) => {"
"GET";"/pivot-meta";"server/routes/reports.js";"396";"router.get('/pivot-meta', (req, res) => res.json(pivot.meta()));"
"POST";"/pivot";"server/routes/reports.js";"410";"router.post('/pivot', validate(pivotSchema), (req, res) => {"
"GET";"/saved";"server/routes/reports.js";"424";"router.get('/saved', (req, res) => {"
"POST";"/saved";"server/routes/reports.js";"436";"router.post('/saved', validate(savedReportSchema), (req, res) => {"
"DELETE";"/saved/:id";"server/routes/reports.js";"450";"router.delete('/saved/:id', (req, res) => {"
"GET";"/customers";"server/routes/sales.js";"31";"router.get('/customers', (req, res) => {"
"GET";"/customers/:id";"server/routes/sales.js";"40";"router.get('/customers/:id', (req, res) => {"
"POST";"/customers";"server/routes/sales.js";"49";"router.post('/customers', ADMIN, validate(customerSchema), (req, res) => {"
"PUT";"/customers/:id";"server/routes/sales.js";"59";"router.put('/customers/:id', ADMIN, validate(customerSchema.partial()), (req, res) => {"
"DELETE";"/customers/:id";"server/routes/sales.js";"75";"router.delete('/customers/:id', requireRole('admin'), (req, res) => {"
"POST";"/customers/:id/anonymize";"server/routes/sales.js";"84";"router.post('/customers/:id/anonymize', requireRole('admin'), (req, res) => {"
"GET";"/customers/:id/data-export";"server/routes/sales.js";"89";"router.get('/customers/:id/data-export', requireRole('admin'), (req, res) => {"
"GET";"/orders";"server/routes/sales.js";"108";"router.get('/orders', (req, res) => {"
"GET";"/orders/:id";"server/routes/sales.js";"120";"router.get('/orders/:id', (req, res) => {"
"POST";"/orders";"server/routes/sales.js";"137";"router.post('/orders', WRITE, validate(soSchema), (req, res) => {"
"POST";"/orders/:id/cancel";"server/routes/sales.js";"145";"router.post('/orders/:id/cancel', ADMIN, (req, res) => {"
"GET";"/shipments";"server/routes/sales.js";"168";"router.get('/shipments', (req, res) => {"
"GET";"/shipments/:id";"server/routes/sales.js";"180";"router.get('/shipments/:id', (req, res) => {"
"POST";"/shipments";"server/routes/sales.js";"204";"router.post('/shipments', WRITE, validate(shipmentSchema), (req, res) => {"
"PATCH";"/shipments/:id/status";"server/routes/sales.js";"267";"router.patch('/shipments/:id/status', WRITE, (req, res) => {"
"DELETE";"/shipments/:id";"server/routes/sales.js";"279";"router.delete('/shipments/:id', requireRole('admin'), (req, res) => {"
"GET";"/invoices";"server/routes/sales.js";"290";"router.get('/invoices', (req, res) => {"
"POST";"/invoices";"server/routes/sales.js";"320";"router.post('/invoices', WRITE, validate(invoiceSchema), (req, res) => {"
"GET";"/invoices/:id";"server/routes/sales.js";"395";"router.get('/invoices/:id', (req, res) => {"
"POST";"/invoices/:id/pay";"server/routes/sales.js";"414";"router.post('/invoices/:id/pay', WRITE, (req, res) => {"
"GET";"/profitability";"server/routes/sales.js";"429";"router.get('/profitability', (req, res) => {"
"GET";"/";"server/routes/search.js";"23";"router.get('/', (req, res) => {"
"GET";"/lots";"server/routes/stock.js";"21";"router.get('/lots', validateQuery(lotQuery), (req, res) => {"
"GET";"/movements";"server/routes/stock.js";"57";"router.get('/movements', validateQuery(movQuery), (req, res) => {"
"POST";"/move";"server/routes/stock.js";"93";"router.post('/move', requirePermission('stock.write'), validate(moveSchema), (req, res, next) => {"
"POST";"/lot-status";"server/routes/stock.js";"131";"router.post('/lot-status', requirePermission('stock.status'), validate(statusSchema), (req, res, next) => {"
"POST";"/transfer";"server/routes/stock.js";"155";"router.post('/transfer', requirePermission('stock.write'), validate(transferSchema), (req, res, next) => {"
"GET";"/counts";"server/routes/stock.js";"172";"router.get('/counts', (req, res) => {"
"GET";"/counts/:id";"server/routes/stock.js";"186";"router.get('/counts/:id', (req, res, next) => {"
"POST";"/counts";"server/routes/stock.js";"210";"router.post('/counts', requirePermission('count.write'), validate(countCreateSchema), (req, res, next) => {"
"PUT";"/counts/:id/lines";"server/routes/stock.js";"241";"router.put('/counts/:id/lines', requirePermission('count.write'), validate(countLinesSchema), (req, res, next) => {"
"POST";"/counts/:id/approve";"server/routes/stock.js";"257";"router.post('/counts/:id/approve', requirePermission('count.approve'), (req, res, next) => {"
"GET";"/";"server/routes/support.js";"45";"router.get('/', (req, res) => {"
"GET";"/:id";"server/routes/support.js";"61";"router.get('/:id', (req, res) => {"
"POST";"/";"server/routes/support.js";"88";"router.post('/', WRITE, validate(ticketSchema), (req, res) => {"
"PUT";"/:id";"server/routes/support.js";"113";"router.put('/:id', WRITE, validate(ticketUpdateSchema), (req, res) => {"
"POST";"/:id/status";"server/routes/support.js";"137";"router.post('/:id/status', WRITE, validate(statusSchema), (req, res) => {"
"POST";"/:id/comments";"server/routes/support.js";"158";"router.post('/:id/comments', WRITE, validate(z.object({ comment: z.string().min(1).max(5000) })), (req, res) => {"
"POST";"/:id/to-ncr";"server/routes/support.js";"176";"router.post('/:id/to-ncr', WRITE, validate(toNcrSchema), (req, res) => {"
"GET";"/";"server/routes/templates.js";"46";"router.get('/', (req, res) => {"
"GET";"/:docType";"server/routes/templates.js";"51";"router.get('/:docType', (req, res) => {"
"PUT";"/:docType";"server/routes/templates.js";"85";"router.put('/:docType', MANAGER, validate(templateSchema), (req, res) => {"
"POST";"/:docType/reset";"server/routes/templates.js";"111";"router.post('/:docType/reset', MANAGER, (req, res) => {"
"GET";"/branding/current";"server/routes/templates.js";"131";"router.get('/branding/current', (req, res) => {"
"PUT";"/branding/current";"server/routes/templates.js";"144";"router.put('/branding/current', MANAGER, validate(z.object({"
"POST";"/branding/logo";"server/routes/templates.js";"168";"router.post('/branding/logo', MANAGER, logoUpload.single('logo'), (req, res) => {"
"DELETE";"/branding/logo";"server/routes/templates.js";"179";"router.delete('/branding/logo', MANAGER, (req, res) => {"
"GET";"/";"server/routes/visits.js";"38";"router.get('/', (req, res) => {"
"GET";"/:id";"server/routes/visits.js";"58";"router.get('/:id', (req, res) => {"
"POST";"/";"server/routes/visits.js";"82";"router.post('/', WRITE, validate(visitSchema), (req, res) => {"
"PUT";"/:id";"server/routes/visits.js";"105";"router.put('/:id', WRITE, validate(visitUpdateSchema), (req, res) => {"
"DELETE";"/:id";"server/routes/visits.js";"121";"router.delete('/:id', MANAGER, (req, res) => {"
"GET";"/";"server/routes/webhooks.js";"26";"router.get('/', ADMIN, (req, res) => {"
"GET";"/events";"server/routes/webhooks.js";"31";"router.get('/events', ADMIN, (req, res) => res.json(EVENT_CATALOG));"
"POST";"/process-retry-queue";"server/routes/webhooks.js";"39";"router.post('/process-retry-queue', ADMIN, (req, res) => {"
"POST";"/";"server/routes/webhooks.js";"50";"router.post('/', ADMIN, validate(createSchema), (req, res) => {"
"PUT";"/:id";"server/routes/webhooks.js";"63";"router.put('/:id', ADMIN, (req, res) => {"
"POST";"/:id/regenerate-secret";"server/routes/webhooks.js";"83";"router.post('/:id/regenerate-secret', ADMIN, (req, res) => {"
"DELETE";"/:id";"server/routes/webhooks.js";"92";"router.delete('/:id', ADMIN, (req, res) => {"
"GET";"/:id/deliveries";"server/routes/webhooks.js";"101";"router.get('/:id/deliveries', ADMIN, (req, res) => {"
"POST";"/:id/deliveries/:deliveryId/retry";"server/routes/webhooks.js";"116";"router.post('/:id/deliveries/:deliveryId/retry', ADMIN, async (req, res, next) => {"
"POST";"/:id/test";"server/routes/webhooks.js";"128";"router.post('/:id/test', ADMIN, async (req, res, next) => {"