file;lines;bytes;source;nocheck;rawHtml;sqlCalls;scan;sha256
".dockerignore";"5";"34";"false";"false";"0";"0";"full text structural scan";"1262af5e663ddedf173de04b09443963294f1b629560cd6dcf0cc297b20c3064"
".env.example";"56";"2031";"false";"false";"0";"0";"full text structural scan";"bce62ad2b715f0494b502e9d5f3821d9197a284ce888c1f7e30a156b54e2163b"
".github/dependabot.yml";"21";"757";"false";"false";"0";"0";"full text structural scan";"5170b7bfc578e18d835370964594cdbfe05dafa58b276f3a2ec975a1ff1f9ae6"
".github/workflows/ci.yml";"73";"2298";"false";"false";"0";"0";"full text structural scan";"e13fcfb79047866c64818e63cca0f83e5950d20981deb2caf74692d79f64175b"
".gitignore";"21";"432";"false";"false";"0";"0";"full text structural scan";"876636f16dc928445ae5aa6f4e790a42d95359c4d0f924a3dc558dbdd48c34c7"
".npmrc";"12";"799";"false";"false";"0";"0";"full text structural scan";"4b8477f549df00dbf7ea19c3e588bd94e544c30e936df43e84579ed3c548a745"
"Dockerfile";"47";"1802";"false";"false";"0";"0";"full text structural scan";"06e95bd795ddeb2c150e32263d9db3aa9fca4fb609710ae73b857755f1592b5f"
"LICENSE";"36";"1703";"false";"false";"0";"0";"full text structural scan";"bb4d984c26f304bc72c72b84b1465712ad10c23175bade315ac79e0206d6fbbd"
"PROJECT_STATUS.md";"2785";"173560";"false";"true";"2";"0";"full text structural scan";"d20c4e90aebe9bab2072532469cc929271e76526a97b7106432298452d89a7ad"
"README.md";"292";"15966";"false";"false";"0";"0";"full text structural scan";"b94619e7e54be2ea56e48e91cfae0e1c881149d935f9e4df3e82d334036e28ba"
"docker-compose.yml";"36";"852";"false";"false";"0";"0";"full text structural scan";"c28a878afde598c739e18cc633a290933e86695be589b9a1472b7a4099267401"
"docs/KULLANIM-KILAVUZU.md";"548";"23429";"false";"false";"0";"0";"full text structural scan";"30825c52bcc2975966e17ce5e1e9053cdf2d07a37ca191831e8e4c12123eeada"
"docs/KURULUM.md";"281";"9680";"false";"false";"0";"0";"full text structural scan";"d49ebf81ae7b51244b532c6f55269728db20bc7c5d869ad9829c053e02bc5585"
"docs/KVKK-DEGERLENDIRME.md";"170";"10661";"false";"false";"0";"0";"full text structural scan";"ac1873def50b4995aca3a4734cd0fb38859e2a03f4079bf08536a3b576390700"
"docs/SAHA-KURULUM-COK-BASIT.md";"229";"9663";"false";"false";"0";"0";"full text structural scan";"257fcfa80eb50bedca2bdc417b483af9b5cd72b83baa99c8ddf4822e7fd033e5"
"docs/SAHA-KURULUM-KARTI.md";"176";"6392";"false";"false";"0";"0";"full text structural scan";"29e19f58a212def2ed52724fc92279299a8418ca07647093cf1e9e45852c0fdc"
"docs/YOL-HARITASI.md";"456";"25394";"false";"false";"0";"0";"full text structural scan";"9d938b935e569aed034948f33e44182c97395839795687382bd17b6a272b53bf"
"eslint.config.js";"99";"4130";"true";"false";"0";"0";"full text structural scan";"f13a4a3c7a0adc42fec1997f3b64f2d111987f5ccb1a9702da0fa7b1ef0e8169"
"frontend-react/AdminView.jsx";"1403";"83193";"true";"true";"1";"0";"full text structural scan";"9d0cac6847cb702ce1563454e65b3936bbb45993fabf71cca02c6e8219a0a768"
"frontend-react/CountsView.jsx";"189";"9315";"true";"true";"2";"0";"full text structural scan";"f8b0217fb13e04471407ca27ef91ffb885af2bc1058ed4dfae67054c7f179145"
"frontend-react/CrmView.jsx";"362";"20151";"true";"true";"2";"0";"full text structural scan";"37995084add8c82f77e829be25db726dff16104d544f071e68841fa77d1d1580"
"frontend-react/DashboardView.jsx";"146";"6813";"true";"true";"2";"0";"full text structural scan";"3bf16c4b43d3862efaaac7b73ac7c6e26ebe354e0407fe0e9e3e2e60d893465d"
"frontend-react/ItemsView.jsx";"468";"28565";"true";"true";"3";"0";"full text structural scan";"3c39f40144d4ead4cb89b438b900e279c3dbc116be8fdf8865628d5869f43283"
"frontend-react/LotsView.jsx";"276";"16256";"true";"true";"2";"0";"full text structural scan";"22a3e30d98181ff5a4f33f52bab080d54bbfc6eb3973bbc685c5c1bc2004284e"
"frontend-react/PlanningView.jsx";"641";"37732";"true";"true";"2";"0";"full text structural scan";"8167e7952c3c7029406a33a1762d84b4bb84e95fde341915727e4993f5ef9028"
"frontend-react/ProductionView.jsx";"254";"13627";"true";"true";"2";"0";"full text structural scan";"1d4b8b7b23df6739b580fb24f757d1e541ec879dfc76b3cd60a7b5db010bffad"
"frontend-react/PurchasingView.jsx";"739";"44514";"true";"true";"2";"0";"full text structural scan";"43f443b8a944e9e142ddb8513c202550a1b459801b41b2cfc87f4aa7bf5b4736"
"frontend-react/QualityView.jsx";"748";"40854";"true";"true";"2";"0";"full text structural scan";"f32ecce07752da1dacdb639e077582e5ac4f13e21334eda6eb079dd250504381"
"frontend-react/ReportsView.jsx";"509";"30233";"true";"true";"2";"0";"full text structural scan";"f8e1be5d5a04181767ca212b1f6e04459eab752087a871230bae6caca161a620"
"frontend-react/SalesView.jsx";"714";"42384";"true";"true";"2";"0";"full text structural scan";"cbd2bafaa447b761ddee1319c83b08de8aeabf48569b1e442fbc0b981cb44c53"
"frontend-react/SupportView.jsx";"219";"11702";"true";"true";"2";"0";"full text structural scan";"d8b634fedeec51621685b0fbcb9a76254e7b9663c6677a58cc9a7bfcd89a766b"
"frontend-react/entries/admin.js";"5";"145";"true";"true";"0";"0";"full text structural scan";"43eac2c9b462b02f7885447162b7e2753cf09999adb08ed1aa340398025901f8"
"frontend-react/entries/counts.js";"5";"149";"true";"true";"0";"0";"full text structural scan";"3dd7420d4e0ee9b62c2be8ab565ffe36822d3111dca250583e603af95122aef0"
"frontend-react/entries/crm.js";"5";"137";"true";"true";"0";"0";"full text structural scan";"58a91a567bc216aa8785c4304de7814221c3ebd73e06da98181addf64934ec73"
"frontend-react/entries/dashboard.js";"5";"161";"true";"true";"0";"0";"full text structural scan";"814ac381f8ea7ac73b06653c6a23321990ec9d1d907bb6d1c5b1eed45784ed2d"
"frontend-react/entries/items.js";"5";"145";"true";"true";"0";"0";"full text structural scan";"2d558a356d52f59b01a34277afdb7bf399f769965488811840d6be5c2ca1ee27"
"frontend-react/entries/lots.js";"9";"498";"true";"true";"0";"0";"full text structural scan";"5c743777facc6f4b3bba0725af5c05dfffd21aa3b61c5f1578aadbf1a58a78d9"
"frontend-react/entries/planning.js";"5";"157";"true";"true";"0";"0";"full text structural scan";"2eb4d257e614499782e766af4462bf910c60a585472ad5b6aade8174a6bccfd0"
"frontend-react/entries/production.js";"5";"165";"true";"true";"0";"0";"full text structural scan";"6e016004ce4b7588b19f27911dd4adb6da400f666623c9276a231b92c7f9fb8d"
"frontend-react/entries/purchasing.js";"5";"165";"true";"true";"0";"0";"full text structural scan";"f538f6024a07abe96a64e069863c1401c000168a651e75bd8385623d0bab380f"
"frontend-react/entries/quality.js";"5";"153";"true";"true";"0";"0";"full text structural scan";"2be47a055e3b8232854e58a28b6370cf5733748d32dd0c6508e01788047ce767"
"frontend-react/entries/reports.js";"5";"153";"true";"true";"0";"0";"full text structural scan";"f99069c932bd014bb909b89c13464d4427b1bce452198ca0840af5842ae3d346"
"frontend-react/entries/sales.js";"5";"145";"true";"true";"0";"0";"full text structural scan";"d5c4be9d984677d45b3e1900d64ec4a996c69aac391a8a06fb89c999bc9a142e"
"frontend-react/entries/support.js";"5";"153";"true";"true";"0";"0";"full text structural scan";"3e6d99dad60153ce00b10e2f8aa1d6751b54b56d6858d49e3fe3dd01f73c2a97"
"frontend-react/labelPrint.js";"34";"1916";"true";"true";"0";"0";"full text structural scan";"2d34db8872fada256a80c60362fde6e1d91cf8bf709c026a5479a305a6fc3fcc"
"frontend-react/mountView.jsx";"24";"856";"true";"true";"0";"0";"full text structural scan";"d69270ebbae0146e72373e089d09040fdf818997bdea6bf0a57857e0fcfe4571"
"frontend-react/vendor-react.js";"19";"876";"true";"true";"0";"0";"full text structural scan";"b0812d67b070fc9f233feecec0dac6c4501739c67b0591a29640589392e33e51"
"nginx.conf";"63";"2230";"false";"false";"0";"0";"full text structural scan";"1193205b197d2c39a2cdc1ca1b8c33adadd7eb2523ee3d1f743bdc1a8a7dc28b"
"package-lock.json";"5276";"187671";"false";"false";"0";"0";"full text structural scan";"9849be1ebdc43be36a39c29bb173c903458082b4325a1e7ccf1e03b5c4b461f3"
"package.json";"89";"2971";"false";"false";"0";"0";"full text structural scan";"5b46aa79bb88f1e3c3007acb6d41cb169271633dd71151411426150d2e682b6a"
"playwright.config.js";"43";"1958";"true";"true";"0";"0";"full text structural scan";"2740fc3a2448afef1782fb6e095a0f4c60073b875e1e597e6542260ec4a50f33"
"playwright.cross-browser.config.js";"43";"1544";"true";"true";"0";"0";"full text structural scan";"bb2d4b51b10cd82b92b879d4d4e1a18e9dd65752b4110c8157b0fd2aa827fcab"
"public/api-docs.html";"27";"1468";"false";"false";"0";"0";"full text structural scan";"3929b701abe983893f0272661a6f99bba17082ca8504edba60871a38c058623c"
"public/css/mobile.css";"317";"13857";"false";"false";"0";"0";"full text structural scan";"4071710d39e9366de265e0df8a20b20fd0d99a0ab955ea8b6bff68deb1e7d39d"
"public/css/style.css";"294";"19846";"false";"false";"0";"0";"full text structural scan";"4d2644a37313ee7bdb29c5cf65e05d8273589db7cb55dcc3c37e7bf156d9476d"
"public/icons/apple-touch-icon.png";"";"827";"false";"false";"0";"0";"binary inventory";"2a61b1d29d44d500db611e0dc9190645d3a1f71c43996ac9fdcb608a061e0688"
"public/icons/icon-192.png";"";"828";"false";"false";"0";"0";"binary inventory";"096ad1547d74219a3af15ffdb4aa4f50b7b4f95f4dfe8ca851fac33dd9d56ae4"
"public/icons/icon-512.png";"";"5067";"false";"false";"0";"0";"binary inventory";"560e277490b626c3dffa3c9c431f196df65f4a1ff89ac8a8236be08cebd1ee2c"
"public/index.html";"184";"11519";"false";"false";"0";"0";"full text structural scan";"807d7d58a8cac2a9f2525e666d1d7e8b674ae0cdd971d3f45e9eb37368b96a7c"
"public/js/api-docs.js";"13";"350";"true";"true";"0";"0";"full text structural scan";"d2b6d581a6475adf3f433f668f6357d2bf65240477744d5684c0fefd568e593c"
"public/js/api.js";"318";"17722";"true";"true";"0";"0";"full text structural scan";"fcd27aa7f3edefccd74c287298ff10976949564e5d29f50440124af66be59654"
"public/js/app.js";"339";"14649";"true";"true";"0";"0";"full text structural scan";"c7525c760267b4f5796092d92061f49b0194a8f2dcdf931a4f628bf99deb0fe1"
"public/js/i18n.js";"743";"63319";"true";"true";"0";"0";"full text structural scan";"78971e5fe903550ddc08e3be828339c1c6404f6bd9cd56d5ddd0db24005984f0"
"public/js/mobile-db.js";"62";"2252";"true";"true";"0";"0";"full text structural scan";"dcf2e80375d3e5c7152cf680fce61af1ad729a4ac0215c32cc023d3e1ecd388d"
"public/js/mobile.js";"902";"40049";"true";"true";"0";"0";"full text structural scan";"d6225cd739982c753a1eef697b294202f48ae31854a237eb3f316ab783d3f6f3"
"public/js/ui.js";"502";"27565";"true";"true";"0";"0";"full text structural scan";"a316e2965955798530c4740003bd97b1b009f4e7c2380d7d90c436596287606b"
"public/manifest.webmanifest";"16";"522";"false";"false";"0";"0";"full text structural scan";"fd2a65956ccf2c671d29e99523f82e8f2f09fa05c80e41ccbda64660cef1bf0f"
"public/mobile.html";"76";"3198";"false";"false";"0";"0";"full text structural scan";"41d35d99451365cade856cd9120e25d8e5fa2856a9e83c22b41929b1f1d79c0e"
"public/sw.js";"87";"3047";"true";"false";"0";"0";"full text structural scan";"8335196836ec9761acbdf121ec5b975c430ce37a335440e5355b3db3f04c443e"
"scripts/build-frontend.js";"100";"3555";"true";"true";"0";"0";"full text structural scan";"4750d48c36e6f1781dad2eeb29af5d6d4d8589c70763def9265b78557e6b512f"
"server/db.js";"55";"2113";"true";"false";"0";"0";"full text structural scan";"aa6a7bb9c607198029a01dfb4b5563259911ab773aa4f1affb84375fb4f5f7ad"
"server/index.js";"274";"12302";"true";"true";"0";"1";"full text structural scan";"571b5ba009973ab19d21c6e169b1a35a7b51423751f48d7c1187f1c87d44f706"
"server/lib/core.js";"97";"4108";"true";"false";"0";"10";"full text structural scan";"e3d169e72e900b47095a049a7cf9cd2d95d0f9824f38fcd60b837d4e09f9b8fb"
"server/lib/dates.js";"68";"2580";"true";"false";"0";"0";"full text structural scan";"1780790eabe392b681374c03039c2eafc853b6197246ba3910425ae58681018e"
"server/lib/kvkk.js";"120";"7647";"true";"true";"0";"26";"full text structural scan";"47420d04dbe95287fe3da21863f7b2edf51e6145cadf427f9a8b0b509b757283"
"server/lib/license.js";"130";"5731";"true";"true";"0";"0";"full text structural scan";"bf3bda1b7a38a181205fc2b8d87bdbc2424dca0633b09314e309cc454e640b6b"
"server/lib/openapi.js";"864";"61006";"true";"true";"0";"0";"full text structural scan";"d3d7f8c66790bc847f04f6d1634211acfb33512f0978e4e5402597a186901e7c"
"server/lib/tenant.js";"18";"746";"true";"false";"0";"0";"full text structural scan";"e548e902e84b65c1752a3ed4116b493b3478c2642586f01d3b64a8b71ae44f1c"
"server/lib/webhooks.js";"151";"7277";"true";"true";"0";"4";"full text structural scan";"64a217bc5bc946dd6df5b05a0ab05fe02d6844e491a3ecabf152a4f61518e250"
"server/lib/zpl.js";"73";"2894";"true";"true";"0";"0";"full text structural scan";"bafca4ef63567b79194b34a17a30e24a8185232f61e8623c876eed4e1463807d"
"server/middleware/auth.js";"95";"4163";"true";"true";"0";"2";"full text structural scan";"884ec6ffb3e1621867a1539624ca7b016d2c3366299d8a8c6fa7b388943f3ebd"
"server/middleware/validate.js";"57";"2123";"true";"true";"0";"0";"full text structural scan";"c68e6996545eca9f6d7961239c0fdd064cbbfdc0ac14d521654670fba9e5c619"
"server/migrate.js";"71";"2614";"true";"true";"0";"2";"full text structural scan";"9dd3295177d60cdc20de513b4b1d9e033b86fe28a6cfc3083bc54d004dac9fb4"
"server/migrations/001_initial_schema.js";"793";"26730";"true";"true";"0";"0";"full text structural scan";"0fdda3c849a5a8728eba2c7ef6b6bb20ba16f78c398111eae96b145752f984d0"
"server/migrations/002_einvoice.js";"156";"7772";"true";"true";"0";"2";"full text structural scan";"0e85e22624e6527fcf38214108bfbea1326a9650a7eb74d9523a81a85359302b"
"server/migrations/003_planning.js";"216";"10387";"true";"true";"0";"2";"full text structural scan";"f1d293aedc55dbad72852fc708328cfe04ba8d4c6c2ec4ad633cd1de1d4b5d4b"
"server/migrations/004_import.js";"74";"3411";"true";"true";"0";"1";"full text structural scan";"c0ffd254ccb9a620dc4a74e40c0c04687111f27b83ac127a6a21c4e2e795ff73"
"server/migrations/005_templates.js";"140";"6609";"true";"true";"0";"1";"full text structural scan";"bbaa6b690a9016844934585c8f1be7e826a89c4cba649c4ee469955cd57a1868"
"server/migrations/006_multitenancy_prep.js";"89";"4651";"true";"true";"0";"0";"full text structural scan";"19ef65207074cc51d59b11cf6694e19edf48836f34aa408518cc1df376af3b78"
"server/migrations/007_scoped_uniqueness.js";"111";"4896";"true";"true";"0";"0";"full text structural scan";"caa9f22c33a3a17613a5479495ad83b0ffa7b917be3785db2fbe76c190395045"
"server/migrations/008_accounting_bridge.js";"48";"2072";"true";"true";"0";"1";"full text structural scan";"741441a54d5ce382db1f83597679b355377cfcd4a0eb99b72651016f2e3061ea"
"server/migrations/009_webhooks.js";"46";"1965";"true";"true";"0";"0";"full text structural scan";"1a459275bc1ff7ac81166d25dbc6a3197180f1183a444611ce93a9429407805a"
"server/migrations/010_crm.js";"57";"2606";"true";"true";"0";"0";"full text structural scan";"eea1a14572391f116790bbb60d22c837969227e49d29f9edccb0eb7a03f0e50d"
"server/migrations/011_saved_reports.js";"32";"1341";"true";"true";"0";"0";"full text structural scan";"136b6a829f7df38f5d2bef037a7711659b75c703114a18da587f92fd9499bf65"
"server/migrations/012_webhook_retry.js";"31";"1558";"true";"true";"0";"0";"full text structural scan";"cb27e507f5e7e2f0ee37d7c53cdf0e860a26f561eedfdbdd1037285704e2dc21"
"server/migrations/013_pivot_datasources.js";"18";"761";"true";"true";"0";"0";"full text structural scan";"88be58d8ba25bbb293ee75e1b6e352a21acca0136cb86c953625d5f8ff6c4276"
"server/migrations/014_support_and_visits.js";"89";"4090";"true";"true";"0";"0";"full text structural scan";"cf84c92d455e93268edfdadf16f32d64180e9431aaf11529c83d2a2310593558"
"server/migrations/015_invoice_return_reference.js";"16";"507";"true";"true";"0";"0";"full text structural scan";"bc5077f4408b5d6b4a654749feaacde4f37b66bec82ea5bbeba05d902a547887"
"server/migrations/016_kvkk_anonymization.js";"24";"1055";"true";"true";"0";"0";"full text structural scan";"70c6e9de01d49fe5425edcc84d2456b46d6b2823069240cfcbee3162a3944574"
"server/migrations/017_remove_einvoice_module.js";"46";"2296";"true";"true";"0";"0";"full text structural scan";"7931e95c5d389066f5fb720ea0e665aac8a9d7b4caf3d1ab5683d1d315a42c84"
"server/routes/accounting.js";"59";"2530";"true";"true";"0";"2";"full text structural scan";"beb8ad049a1f187e32054b13a88559a9f90890d6acc91b09635d8e442d5d7f92"
"server/routes/admin.js";"323";"17027";"true";"true";"0";"38";"full text structural scan";"9a78ab3200a93ec374d979018af5459d378d750c79a02bdcc257442cd453aac0"
"server/routes/auth.js";"106";"4877";"true";"true";"0";"10";"full text structural scan";"15e035a69863977e43bf99f0dbd32ea62e5835fb0f8a7c963a8db0744830cbb7"
"server/routes/crm.js";"194";"11207";"true";"true";"0";"19";"full text structural scan";"d3bb321170af686532a67a6273b1c5bc7fb7494b70b52c932fe31e0f2259ca98"
"server/routes/data-health.js";"307";"13048";"true";"true";"0";"21";"full text structural scan";"6b973b1667e41c245373d5a09ee5ac97fd6e9a25a2d40ae173e042bbb68d0fa1"
"server/routes/docs.js";"16";"492";"true";"true";"0";"0";"full text structural scan";"0ca82787191518b5e6fc979a48d69c9ae2c75fb9668c0a6632568167b8b5aa59"
"server/routes/documents.js";"174";"8426";"true";"true";"0";"10";"full text structural scan";"ab23e2851f27575e361f020323f0113a92b49e218d91ce1241abcb015f98fe03"
"server/routes/import.js";"176";"7885";"true";"true";"0";"4";"full text structural scan";"73175bec8ce4239a2805d2b9a99c4f4541bd1f6c5bfeaf0267b03a383494e935"
"server/routes/items.js";"295";"16256";"true";"true";"0";"25";"full text structural scan";"c52801d5d377aab1bc2478da1d88f3f63548cc0120aaf6306248306e60e870a6"
"server/routes/labels.js";"109";"4407";"true";"true";"0";"2";"full text structural scan";"c7984ce3805a0d68df308176a6eb33cb79166ac106dee1149489b2e37f9695fb"
"server/routes/mobile.js";"352";"15922";"true";"true";"0";"20";"full text structural scan";"ff348b9bf75b5ab5e75c07d63578ac6c134fa0bafc9039563da972edad8a8695"
"server/routes/notifications.js";"73";"2952";"true";"true";"0";"3";"full text structural scan";"cf0852972ed48990e741c78d919712c6f6539723fe267522e710d2a054b15788"
"server/routes/planning.js";"401";"21654";"true";"true";"0";"30";"full text structural scan";"da85d75ca410e590d7c0d771167731b7d21baed5034c456364c0d0c405d2ce5a"
"server/routes/production.js";"269";"13892";"true";"true";"0";"27";"full text structural scan";"741bd58be378fbaa0e2376c1a3410ab4de5d19eba0eb1d663b09f50fa99f9166"
"server/routes/purchasing.js";"698";"38052";"true";"true";"0";"77";"full text structural scan";"b174c72f86236f2cd57f949f7c60ab7e49533848e492be977cf98cdc06bc06e1"
"server/routes/quality.js";"479";"25270";"true";"true";"0";"43";"full text structural scan";"3441f7650215a320e89f2e245681db20cf5f8396a19884b92b11ee066743b202"
"server/routes/reports.js";"462";"24214";"true";"true";"0";"42";"full text structural scan";"0285e80cd14438c7f2a9c834d02c33c16d3fe4a4358ccab4395cef790fdd104c"
"server/routes/sales.js";"470";"25865";"true";"true";"0";"46";"full text structural scan";"d1d9f675492c53b337947495ec61158153dd48be018bd3c3e8d4133bcf48b7f7"
"server/routes/search.js";"60";"2723";"true";"true";"0";"6";"full text structural scan";"0d07cdec23e35d794367e9b60ec9a59de4d65dc259a7146d66aa1aa53898216d"
"server/routes/stock.js";"285";"13580";"true";"true";"0";"17";"full text structural scan";"21ad0fea4d0b6062839188bd6bcca9dd75850b34e6ecdb17d8e401d375b7fbc8"
"server/routes/support.js";"202";"11556";"true";"true";"0";"18";"full text structural scan";"aaac3ec95d5cbeab82ed48f28997e08a83b7a6e7453f1d380c6e78d2368ad3e7"
"server/routes/templates.js";"185";"8852";"true";"true";"0";"12";"full text structural scan";"12037defca9b60aca0a457c3bc07942a1d261f5e50c7b4a24952ba6adffc4a8c"
"server/routes/visits.js";"129";"6655";"true";"true";"0";"11";"full text structural scan";"fe35966fcb7ecd92e7cd1f5b140eaabf08976cabd3008791bb20421d0a92f993"
"server/routes/webhooks.js";"137";"7176";"true";"true";"0";"15";"full text structural scan";"12931af4515134c7b1ab59a6bc88c25c936a28d446ad82bb5029738181ec0192"
"server/scripts/backup.js";"103";"4587";"true";"true";"0";"0";"full text structural scan";"6113522346d3b32e1264c4730f7e4425cabf289381727e4a89a5ebff9017aec0"
"server/scripts/demo.js";"14";"467";"true";"true";"0";"0";"full text structural scan";"9329b4a696e941c13828b513a83006f90141587d22daf2e19d3af01c72957a63"
"server/scripts/license-generate.js";"94";"4095";"true";"true";"0";"0";"full text structural scan";"963ce03f609a4d5e3a691c4d42397b08f6e289cf0817324863f268e95766b6e8"
"server/scripts/restore.js";"204";"9083";"true";"true";"0";"5";"full text structural scan";"450add187266c6a8f340c699cfe4b6b1680384e62419b8fb9a5e6798021b0b2f"
"server/scripts/setup.js";"209";"9082";"true";"true";"0";"6";"full text structural scan";"fc781c92c80ac336b8be3682be2460b6f78096a7bb93f33e6b20099c3ab8adc2"
"server/scripts/upgrade.js";"196";"8042";"true";"true";"0";"1";"full text structural scan";"3e591cec607b88578b6a715f86d1d5eec7046b10769f605be7ae0c89b424469f"
"server/seed.js";"441";"33707";"true";"true";"0";"61";"full text structural scan";"62f70757d1618fec8f2a2dd860865175ffeac30e78da2025268160b9441ecbf9"
"server/services/accounting-export.js";"125";"6390";"true";"false";"0";"4";"full text structural scan";"1e22bed29c0d69849bc211799cc93231bcc8513d3d548d21fb65cfd606de4280"
"server/services/capacity.js";"271";"12494";"true";"false";"0";"16";"full text structural scan";"35e8863e146fb6d724af5d59a1887c20a7ad1dc6fb6eb19763c01c4ef1a11f12"
"server/services/costing.js";"138";"6117";"true";"false";"0";"13";"full text structural scan";"b577fa4b9108985c9b503d1a3e8fdd6716885a7be27c49c17d28acbe2c957336"
"server/services/data-health.js";"541";"22936";"true";"false";"0";"34";"full text structural scan";"45309c1470c86adbeddc7fb93b98fddb05672f13f8b21a21875aed632aff760e"
"server/services/data-retention.js";"58";"2984";"true";"true";"0";"2";"full text structural scan";"f72d766ef6bda0c66b0772df143d08f9125ca7f3ba634d58c50235662f285d5b"
"server/services/import-commit.js";"430";"22551";"true";"false";"0";"53";"full text structural scan";"236520665156c8cbedf134414933b9aaca1174fa11fd6f724e8b3f702dd045e6"
"server/services/import.js";"522";"24026";"true";"false";"0";"6";"full text structural scan";"0018d6a046fdbe6761ba99bce561570ee051b52f443e5556a7e5a6035030548b"
"server/services/mrp.js";"248";"12269";"true";"false";"0";"25";"full text structural scan";"6c6363ac4ed3466ff3f5a61cd037940a086a26e696e7734dcd92474931272d11"
"server/services/notifications.js";"208";"9055";"true";"false";"0";"11";"full text structural scan";"d6fd38c52cf2a263dcdebbb663df24cd84af858c1f96e339b1a868cc8dcf92f2"
"server/services/pivot.js";"158";"7245";"true";"true";"0";"1";"full text structural scan";"d2e948347c4bb13d6ad4c31c7255f6a114f65f4c851274e8da76c35ea9b6dcf1"
"server/services/sales-orders.js";"56";"3050";"true";"true";"0";"6";"full text structural scan";"7be0b44d16761784aeb9cca3a0fe64a204f296717403915d03300e20a08b4b0f"
"server/services/stock.js";"300";"14403";"true";"false";"0";"31";"full text structural scan";"3a5a6d7274c624cbe1e01716bceced9dd83c46654e9027b8c6ef7ef3dbb0f58c"
"server/services/traceability.js";"122";"5047";"true";"false";"0";"8";"full text structural scan";"1f1ca0746ff4ce871bb8413255332f8b1a8a119740358fd90271b96eecb4b59a"
"server/types/better-sqlite3-shim.d.ts";"61";"2040";"true";"false";"0";"0";"full text structural scan";"fe7ae59df178de35771aee89a76931d2440b36c615cbacd2792baf63bbac4cb3"
"test/accounting-export.js";"126";"7593";"false";"false";"0";"3";"full text structural scan";"d44d746aaf573ae01df4d21b5de26130a4b9baba7e7c186aaec1be56f420b739"
"test/approval-limit.js";"78";"3862";"false";"true";"0";"0";"full text structural scan";"d955da250eafda1d4238c6333bd2eea6ac4dde8917d5b601e3a7a37ea84ccf7b"
"test/backup-restore.js";"211";"11685";"false";"true";"0";"10";"full text structural scan";"8711035add31f4ac7819c3c5ed6a9ca95aec3c2242c55d756040f5bce1653737"
"test/barcode.js";"154";"7469";"false";"true";"0";"0";"full text structural scan";"3052d7440200fcd37fe98dc4673b45631494cba934eaedf70168fb6c6a491187"
"test/concurrency-races.js";"117";"6169";"false";"true";"0";"0";"full text structural scan";"cda62d78388ddc6a8dff5eeba51d86f49213e7f33b25cbe862cd874d592e14b3"
"test/contract.js";"195";"12074";"false";"true";"0";"0";"full text structural scan";"033044162d997a089bb2b4d561c95519f65a2e7f1b3590eac44c0eaeda9522f3"
"test/crm.js";"149";"9428";"false";"true";"0";"0";"full text structural scan";"91f354194d33ff6477f992f525faa9f5d57f564d683526daebeaed53bd45b472"
"test/data-health.js";"264";"16574";"false";"true";"0";"0";"full text structural scan";"4968631b794238e376fd46cefdd284e8255b077c8d612ad49bbd57baf72911ec"
"test/dates.js";"77";"3982";"false";"false";"0";"0";"full text structural scan";"8e05471c4168dc15fd4b1bbc44b9f7641e79692ddfc650fa66e7e89fe9b1b668"
"test/e2e-browser/admin-audit-log.spec.js";"32";"1644";"false";"true";"0";"0";"full text structural scan";"171e6d8854cc47582db37da0ec347840ec7f8c1238a3192c145d2ce2f2245c32"
"test/e2e-browser/counts-quality-role.spec.js";"40";"2230";"false";"true";"0";"0";"full text structural scan";"e2960db56d9bbe380e5add4de2cfc60e88062e24c2168d628abb62ea07318636"
"test/e2e-browser/crm.spec.js";"50";"2265";"false";"true";"0";"0";"full text structural scan";"694a43400e8287180db728a842b3695ff0232fd5bd07e023561bdbe561431ef6"
"test/e2e-browser/global-search.spec.js";"44";"2179";"false";"true";"0";"0";"full text structural scan";"259c8aea44c697395f3bbe592483bc9e915335be6f096c385616fe263e1f17d5"
"test/e2e-browser/helpers.js";"17";"621";"false";"true";"0";"0";"full text structural scan";"4114299f09bcfe0ef78a1a046bd1f7e6ecd0f319c566d727757e63e60ce99515"
"test/e2e-browser/items.spec.js";"24";"1150";"false";"true";"0";"0";"full text structural scan";"79a58d2bb6c9fd2277f5e0ec3494fc1565dcf1b1ae4d88c663de62e0faa89d2b"
"test/e2e-browser/login.spec.js";"50";"2227";"false";"true";"0";"0";"full text structural scan";"0066d73e006c2fcbae335a26ec5c467e9258187bff0c55f450a95f9ea00a9ab8"
"test/e2e-browser/lots-traceability.spec.js";"49";"2403";"false";"true";"0";"0";"full text structural scan";"fba572dfa64dc5e6b84cf985b3cb38a389b94d774fb197863ff62d74e5e0c095"
"test/e2e-browser/mobile-count.spec.js";"52";"2582";"false";"true";"0";"0";"full text structural scan";"34dbf12cd6da596d561d0dafcfb03be372a2971bcd358d36de3cdbec2f4636e2"
"test/e2e-browser/mobile-offline-queue.spec.js";"67";"3491";"false";"true";"0";"0";"full text structural scan";"ee35a6e01843f64f74d2d30309dafc5cd29c4f1eebda930574ba8a9e8cb69829"
"test/e2e-browser/mobile-receiving.spec.js";"45";"2269";"false";"true";"0";"0";"full text structural scan";"5147600830b78d988fac1bf32a66913d3f9aa7ed4986d36704ff4a8361065d9e"
"test/e2e-browser/mobile.spec.js";"45";"2341";"false";"true";"0";"0";"full text structural scan";"e183778f5a849461bfd56c3a0991eb7f8a023d0d75a6aea20b97247aa12dcdd4"
"test/e2e-browser/permission-matrix.spec.js";"134";"8213";"false";"true";"0";"0";"full text structural scan";"9c37b4f86d56950faff3d423be160b65f0f153867124d11cfd9834c9011b6450"
"test/e2e-browser/print-output-content.spec.js";"63";"3539";"false";"true";"0";"0";"full text structural scan";"ac8692417efd03baf2edf4ac8a48d135b70f3de52cce5ded554bdc15c5103f0f"
"test/e2e-browser/purchasing-compare-quotes.spec.js";"39";"2125";"false";"true";"0";"0";"full text structural scan";"4314a38ec6c20a6ac0c700d2af95106740219c425dfce09631538815d7685594"
"test/e2e-browser/purchasing-invoices.spec.js";"40";"2123";"false";"true";"0";"0";"full text structural scan";"8e3c524d193af954e694dbc4368af65111cec0bb42527ad28a4fd4880bca229f"
"test/e2e-browser/reset-and-start.js";"13";"615";"false";"true";"0";"0";"full text structural scan";"51b3502c36ea1d443066c9e268a0a13b5e1e5e2dbbff1a694548fbe5db0c3d5e"
"test/e2e.js";"317";"20512";"false";"true";"0";"0";"full text structural scan";"bbc9e3182d166f725477afa5f60ea7022f0574c69f631af59f32e8931f3a13cb"
"test/email.js";"228";"10503";"false";"true";"0";"3";"full text structural scan";"f0f611e92eaad090f2484ac5eb44d44e1d007ac0949d34f83ef636500a4dbd17"
"test/fixtures/gib-ornekler/IadeFaturasiOrnegi.xml";"170";"6964";"false";"false";"0";"0";"full text structural scan";"eb67fd5e995fb83929b352279b825f5f668718cc630b1d111c010d2ed55a9fc3"
"test/fixtures/gib-ornekler/Irsaliye-Ornek1.xml";"320";"10982";"false";"false";"0";"0";"full text structural scan";"00d1c0034907981d8bdcb8bf500beb62eafc6f40cbbf7bc1aef2a6444423d0b3"
"test/fixtures/gib-ornekler/TemelFaturaOrnegi.xml";"167";"6556";"false";"false";"0";"0";"full text structural scan";"a2de493e991828c678d0a2bb546ec5e55bc66fcffb0aae62e97cfce6e315a684"
"test/fixtures/gib-ornekler/TicariFaturaOrnegi.xml";"395";"17328";"false";"false";"0";"0";"full text structural scan";"4da0696ab10cb3b0e40f727322acc20f8851d8d18353e0507f199537aca2501c"
"test/import.js";"378";"24255";"false";"true";"0";"0";"full text structural scan";"2646b30d809e81d9fd70a8126392b735bc3690385446229ce7480cf3ebc18c5c"
"test/kvkk.js";"158";"10464";"false";"true";"0";"0";"full text structural scan";"134fd2a23b97dacaf31427bfebf4cd16db1246c59decf93a27630b0d6009049c"
"test/labels.js";"113";"6149";"false";"true";"0";"0";"full text structural scan";"68d47e5f00b3ef9a56bf78e0c193c065725023ab75927d07dd0ac5b4af2a42b2"
"test/license.js";"159";"8441";"false";"true";"0";"0";"full text structural scan";"1984380372b608050ae14eadb1f1467fe98ef27640fa09f04e46c7442d2b192e"
"test/load.js";"202";"10441";"false";"true";"0";"0";"full text structural scan";"9e69542515e120ce9708d5cf587f45dbdfad1dc24ac68ac1d5259c62266d5b99"
"test/mobile.js";"386";"21649";"false";"true";"0";"0";"full text structural scan";"f2fe068e949daa769a28e8b6ae97cc0cadf0d4b24b2b144f568d4cdc73b10b1c"
"test/multitenancy.js";"211";"11831";"false";"false";"0";"8";"full text structural scan";"47455079f2f28e04dc8e71b4f25b87035f2ade9f9c142afe7540b6889e11abc4"
"test/openapi.js";"99";"5077";"false";"true";"0";"0";"full text structural scan";"2eb79b8b148f13eced3a2a98c28ad1388e21aaa4694847fb9f54521e95de22a7"
"test/pivot.js";"138";"9419";"false";"true";"0";"0";"full text structural scan";"c95fe1943f96f0ea2d3568672d255d175c0b8c683871b9b1bb4773defb92e88f"
"test/planning.js";"321";"20289";"false";"true";"0";"0";"full text structural scan";"456ca204b4c12f63b6a12b3f6ef791c1fcce74c478ea7ee8c68ee7910433e77a"
"test/pwa.js";"101";"6024";"false";"true";"0";"0";"full text structural scan";"eaaed91cdc1979e9769a73bf7f6f0a88069b8ab37996687ab3c40137a61a3643"
"test/run-all.js";"160";"5763";"false";"true";"0";"0";"full text structural scan";"3a1ba0098710f75e5932bad3316433bfc882425637f38b7d16ac5192831676e9"
"test/search.js";"84";"4284";"false";"true";"0";"0";"full text structural scan";"03f88ca5ef1403d7ced864a7be7b520876bcfcd3aa710abb494f2622b219328b"
"test/security.js";"428";"25321";"false";"true";"0";"0";"full text structural scan";"5329b8c2558d3fcade245755bbf3690aae91a336dbbe8c088d9273ff493ec4fb"
"test/setup-upgrade.js";"239";"12392";"false";"true";"0";"0";"full text structural scan";"d49261fdd11a82d24bf862525dcea9575bf61bfde71ba988917383f212618bc4"
"test/support.js";"149";"9247";"false";"true";"0";"0";"full text structural scan";"78acfd25f079a8863f366782386d2ad3b31747d95ee7e9ff2c004b86f1cf6217"
"test/templates.js";"206";"12285";"false";"true";"0";"0";"full text structural scan";"f047e01d0f0b6d5f7254c4d5eb2d128c747d9e0a811d532bb7a59dbeffda9bf9"
"test/ui-smoke.js";"322";"15858";"false";"true";"0";"0";"full text structural scan";"164736299c2ddfb04898a606926a63a6361bfdb1241213a9511065904dd839e6"
"test/visits.js";"115";"6811";"false";"true";"0";"0";"full text structural scan";"1c5c5c34ada6d8e157a30d9597bf77a4ac538d823ba176bc7f2b8dcccaf9b916"
"test/visual-audit.js";"178";"9603";"false";"true";"0";"0";"full text structural scan";"e5a4fe10a3e7a4826dc655fb1569106d44e1e1124a2d64efec1bc279105b9d10"
"test/webhooks.js";"181";"10217";"false";"true";"0";"0";"full text structural scan";"032974705c3ac5a529906838909bbf84f5c65bdaef2460541fc1ab621815cc5f"
"tsconfig.json";"27";"535";"false";"false";"0";"0";"full text structural scan";"6a49d3dc2a1b452300de2a1663373a4a14bc89079daa01a5e7f0ad93589614f6"